cleantext,target
_DLdom you have synaps they have transmitt which they get the fricc outa they shit when an electr potenti come by strong enough to trigger certain canal for ca to rush into the synaps to move the bubbl which contain the neurotransmitt they get out dock on anoth ,1
Fran_Sacadura cool paper link reduc ca depend signal in mous striatal astrocyt w excess self groom fig due to alter striatal microcircuit function fig caus by chang in tonic gaba inhibit fig therebi implic striatal astrocyt in ocd like phenotyp ,1
Westcore intrigu possibl at our latest acquisit squar foot light industri build in moorpark ca acr parcel of unimprov land bret hardi ryan plummer sean fulp and brad burton nkf http buff ly xginb #acquisition #Moorpark #land #NKF,1
Alexander_CA2 sure come for a visit ,0
ShockwaveIVL got calcium shock ca preso tct new sfa approach w ehrin_armstrong tibial vessel w ramonvarcoemd sfa w pgreen_md drjmhill surpris ivl cad case julianyeoh first real world cad data isi http bit ly ngej #TCT2018,0
nighthawkvb ironwood ridg grind for anoth upset over st paul ca to win their th consecut match ,0
CityofTwoRivers demograph by region california us texa us florida us england gb uk new york us pennsylvania us illinoi us ontario ca georgia us tennesse us #UK,0
okoeroo cloudflar what is the caa valu for your cloudflar inc rsa ca and cloudflar inc ecc ca ca ,0
ucweather union citi ca pm clear temp f humid pct dewpoint f wind mph wsw baro in weather unionc cawx #weather #UnionCity #CAwx,0
gandhi_amanda l o v e thi ,0
gandhi_amanda my class would love to come see monday ,0
EmbraceTheCoda i ran a coupl to finish the dd mission but realiz i could run the op i can either get a t us ca t ca german and french a t japanes dd or the t of the nd japanes dd line decis decis ,0
Global6SigmaUSA lo angel ca week lean six sigma green belt certif http ow ly dsbsluvou sixsigma train #sixsigma #training,0
6sigmaus lo angel ca week lean six sigma green belt certif http ow ly gslluukg sixsigma train #sixsigma #training,0
Alexander_CA2 llctribun mrninthelibrari we have some test go on thi weekend to see if our water devic will work stay tune monday morn ,0
bytebeat_bot t t t t fg c bg ca bbrandom #bbrandom,0
TruthYOuRstRuLy and make your money earn money without the risk of market move impact dent your money not just your invest so be money confid alway by have a fundmanag work for your money pl contact for me for your fundmanag need thank adarsh saxena ca #FundManager #FundManager,0
BorgiaJesus reja cabrli y ca josvial ok vamso ,0
Patriotess_Ruby major settlement of the san francisco archdioces while kamalaharri wa da san francisco ca million san francisco ca million san francisco ca million san francisco ca million #KamalaHarris,0
SCapsTrading adomo ca rn s ca rex opinion achat objectif potentiel http www boursorama com bours actualit adomo ca rn s ca rex opinion achat objectif potentiel eeddecae ,0
naknamputz goodby whirlpoolcorp whirlpool_ca down go just like the washer and dryer you pass at such a young age of badappli #badappliance,0
ca2_nyeol wtf did you forget thay today is chen s birthday if you don t want to tweet about it at least you can rt it he is still your artist ,0
ca2_nyeol i can t believ it today is chen s birthday and smtownglob didn t say anyth about thi did you forget or didn t care at all wtf he is still your artist ,0
jmigueljd great talk and excit imag tech by krishnanyamuna prof uchicago use fluoresc dna nano devic to track ca better than chemic and protein report she s use them for basic research and diagnost wysssympo dna nanotechnolog biolog fluorescencefriday #WyssSympo #DNA #nanotechnology #biology #FluorescenceFriday,0
wyssinstitute skin biopsi from patient actual show that ca level in cell were decreas valid the use of the approach ,0
wyssinstitute shuttl ca into intracellular organel call endosom and lysosom which wa a known risk gene for sever alzheim s diseas without that a function had been identifi ,0
wyssinstitute krishnanyamuna discuss use dna nanotechnolog to build caliphluor a synthet molecular sensor that can sens ph and ca ion level in intracellular organel in glass cuvett even in live worm the devic enabl her group to identifi a protein that ,0
PowellCarlene mrscookesclass alexander_ca ,0
biorxiv_pubd a genet encod ca indic base on circularli permut sea anemon red fluoresc protein publish as http dx doi org s bmcbiolog biorxiv #biorxiv,0
ramgulwady http youtu be gcssaljqc jam with my neic anita at her home in cupertino ca year back beatl norwegian wood cover ,0
ca2_nyeol i miss the so much ,0
ca2_nyeol sehun aahh thank you so much for post thi i m so happi exo i love you weareoneexo ,0
ca2_nyeol happi birthday babi i hope you alway be healthi happi and alway surround by good peopl keep shine love i hope all your dream will come true happi birthday our chen i love you happychenday #HappyChenDay,0
YGGFelindre presenoldeb attend cs ca ,0
kaushalshiv71 sir in ja ca type speed test can we skip word ,0
ire_ca2 thi is so cool ,0
riversidetown ncaa san diego saint mari s ca boxscor link http usdtorero com document ___vb_vs_saint_marys_box_scor pdf recap link http smcgael com news women volleybal vb gael win th straight defeat no usd aspx ,0
SonOfChaudhary rggupta sir when will ca get final join after type how long will it take ,0
KentBrocks thi is life in fresno ca am stroke audio nois harass in commun while enjoy my night off at mapl leaf apart fresno ca suspect sourc of nois robert knox ,0
KentBrocks thi is life in fresno ca am stroke audio nois harass in commun while enjoy my night off at mapl leaf apart fresno ca suspect sourc of nois david foster ,0
biorxiv_neursci convers of grade presynapt climb fiber activ into grade postsynapt ca signal by purkinj cell dendrit http biorxiv org cgi content short v biorxiv_neursci #biorxiv_neursci,0
biorxivpreprint convers of grade presynapt climb fiber activ into grade postsynapt ca signal by purkinj cell dendrit http biorxiv org cgi content short v biorxiv #bioRxiv,0
KayefsFiona kayefoffici wir sehen un in ca wochen ,0
SyntheticAli omg did he not get the memo that the elect wa ca year ago ,0
DSOA_APAH that moment it regist that ur a nerd aparthistoryevah sumerianlif ca #aparthistory4evah #sumerianlife #CA2,0
SomaliBoard the follow twitter account will have a big say who is go to be the councillor for ysw westonweb ca somaliboard mountdennisca mountdennisnc supercoffeemd ,0
GiomarVasquez home in long beach ca bedroom and bathroom for if interest pleas contact us long beach california http www instagram com p bn mqgnpgp utm_sourc ig_twitter_shar amp igshid vsjnlnbbv ,0
openhouseon stark street sunciti ca bed bath sqft irvin murrieta temecula http openhouseon com #SunCity #CA #Irvine #Murrieta #Temecula,0
streetartmagic stinkfish portrait with za yoshi bounc graphic bay area ca lp ,0
katwiy i stand with those outsid gca demand jerrybrowngov halt new oil amp ga drill in ca establish a ft buffer zone around activ product creat a just transit to phase out fossil fuel we need real climat leadership gca brownslastch #GCAS2018 #BrownsLastChance,0
quakes99 eight capit initi coverag on plateau energi metal plu with buy rate and ca month target disrupt li potenti with u kicker uranium lithium uo peru pluenergi http viiicapit frontlin ca pdf report septemb plu pdf #Uranium #Lithium #U3O8 #Peru,0
openhouseon hope drive sunciti ca bed bath sqft murrieta temecula http openhouseon com #SunCity #CA #Murrieta #Temecula,0
openhouseon stark street sunciti ca bed bath sqft irvin murrieta temecula http openhouseon com #SunCity #CA #Irvine #Murrieta #Temecula,0
SoCalRyan289 last hour workplac shoot in middleton wi shot workplac shoot in harford counti md dead courthous shoot in masontown pa shot shoot near school in lo angel ca shot polic offic kill polic offic shot ,0
blair_houghton i m not in nor from ca not a girl your accuraci get wors from there and the whole world can read it here ,0
Global6SigmaUSA lo angel ca week lean six sigma green belt certif http ow ly wbnkltpam sixsigma train #sixsigma #training,0
ucweather union citi ca pm clear temp f humid pct dewpoint f wind mph w baro in weather unionc cawx #weather #UnionCity #CAwx,0
Amazon_Deals___ califon ca stereo headphon with reseal storag bag http buybeforeudi com califon ca stereo headphon with reseal storag bag ,0
mrscookesclass3 love thi tribunedr is in good hand ,0
SfNtweets littl by littl ca seem way more interest than anyth els recal serenadudett of nieh here s how one slide from a talk chang thi lab s direct http bit ly kjckd ,0
Cybergunter213 nomin by trntyxwarrr i m from lo angel ca love music from differ genr er laker and dodger are my team would love to travel to japan or the world in gener ,0
RibbonDiagrams ycl crystal structur of the sr ca atpas with bound cpa http www rcsb org pdb explor do structureid ycl ,0
Z9Network ca la counti sheriff s deputi shot and wound in east lo angel suspect kill http s znetwork com nvrmi #CA,0
Alexander_CA2 we are tribunedr trailblaz after analyz our logo student came up with idea about what each part symbol littl voic with big heart who will make the world a better place trailblazerthursday #trailblazerthursday,0
Alexander_CA2 thi is what divers look like in grade discuss differ type of famili while draw portrait of our own here s a sneak peak of a few we are save the rest for open hous #grade2,0
manth42 i stand with those outsid gca demand jerrybrowngov halt new oil amp ga drill in ca establish a ft buffer zone around activ product creat a just transit to phase out fossil fuel we need real climat leadership gca brownslastch #GCAS2018 #BrownsLastChance,0
bloodpure_bot 透析液濃度 na meq l k or mg or ca pは ,0
CourtAlert courtalert news ca websit unavail tonight see http www courtalert com newsalert canew htm ,0
BRVotes225 we will be updat the websit soon w info about the constitut amend on the nov ballot check out thi info on ca to end the practic of non unanim juri http bit ly mrybi you can learn more about that issu at http bit ly mpoc ,0
gaurav24260300 world jitaya hai t main tere bowler ko naaga nach nachaya tha aur main run banaya tha chutiy porki bokt raho maderchod ,0
dailoi123 dead by day light vs left dead devot incom ca http youtu be vowy_guac a qua youtub ,0
JPhysiol obstruct of ventricular ca depend arrhythmogen by inositol trisphosph trigger sarcoplasm reticulum ca releas http buff ly prygqv ,0
tykarmu i stand with those outsid gca demand jerrybrowngov halt new oil amp ga drill in ca establish a ft buffer zone around activ product creat a just transit to phase out fossil fuel we need real climat leadership gca brownslastch #GCAS2018 #BrownsLastChance,0
krsytine thi is s total lie they have offer her everi accommod includ option of have ppl fli ca speak with her privat pl rememb what she is experienc is result of dem leak her name stop nom gop had no knowledg dem r blame for outing her cnn lie ,0
F3LexSC thursday boot camp hl tp su gy ar de sm sh by tm sp am jm cr st ca total fcount #F3Counts,0
dannyhensel museum of contemporari art san diego ca mielparqu nikko kirifuri resort nikko nation park japan gonda goldschmi neurosci and genet research center ucla lo angel ca provinci capitol build toulous franc ,0
YUMAFCY si ca ca si ca ca ca ,0
ca2_nyeol he look so fine i m so proud of you babi sehun_ermenegildozegnaxxx #Sehun_ErmenegildoZegnaXXX,0
ca2_nyeol oh sehun realli did that sehun_ermenegildozegnaxxx #Sehun_ErmenegildoZegnaXXX,0
WileyOnc_Hem bloodcancerawar read the openaccess report from thephysoc trpm mediat spontan ca entri regul the prolifer and differenti of human leukemia cell line k http ow ly jzclskbv fightbloodcanc #BloodCancerAwareness #OpenAccess #fightbloodcancer,0
douglas_collect red border kodachrom photo slide monterey ca http ebay to deakn ,0
HfxCards cent auction check out my topp archiv come attract walker buehler buehlersdayoff lo angel dodger ca http www ebay ca ulk itm ebay centship shipsaf thehobbi dodger find more of my dodger card here http halifaxsportscard com product tag dodger #CA #75CentShipping #ShipSafe #TheHobby #Dodgers,0
DunckleeThorley the primari vasculatur alon is suffici for passag of the wound signal to a distal leaf the simultan monitor of electr signal and ca level is shown farmer lab unil ,0
RupprechtKristi we had to give up our mo old cc in amador counti broke our heart she attack a pit bull in jackson ca we had crib mate sister they began to pack togeth at an earli age stella wa dog aggress she alway had a smile on her face we hope she got adopt ,0
losangelesinfor tiki room garden close up disneyland lo angel ca jpg lo angel pictur http losangelesinform com tiki room garden close up disneyland lo angel ca jpg lo angel pictur ,0
TreitnerS melt arctic permafrost releas acid that dissolv rock http www livesci com arctic acid permafrost html utm_sourc ls newslett amp utm_medium email amp utm_campaign ls via livesci the climat chang booster caco s h aq ca aq co g ho l #Melting #Permafrost #Acid #Dissolves #Rocks #Climate #Change,0
CA2_2019 pleas be guid accordingli and remain vigil neveragain #NeverAgain,0
CarlisleFreegle offer glass top coffe tabl carlisl ca http www ilovefreegl org messag src twitter ,0
CarlisleFreegle want halloween decor carlisl ca http www ilovefreegl org messag src twitter ,0
guzmanadrian alpha neurexin togeth with alpha delta auxiliari subunit regul ca influx through cav channel http ift tt pmawx ,0
InstituteMetro math tutor requir for cl ics school salt lake ca day weekli fee dum dum park ,0
VitaleTegn middleton wi injur perp dead district height md polic offic injur chicago il injur masontown pa injur perp dead lo angel ca polic offic amp perp injur perp dead perp dead offic shot shot exclud perp state ,0
ANDREASTOCKHOLM big surpric in the night ca oo hour gla explos in the shower place thank good noth is wrong everyon live ,0
pinsidedotcom updat pinbal locat fratelli s pizza parlor in red ca game http pinsid com pinbal map where to play fratelli s pizza parlor red ca ,0
Rossmoor_Realty new list in walnut creek ca bed amp bath rossmoor realti list newhom #Rossmoor #Realty #Listing #Newhome,0
AAAArch it should skip burbank and go straight up ca and then under the san gab to acton ,0
DrStrange_Bot a phenomenolog cluster base rule of ca wave and oscil for past slow kind card channel ,0
mhiraajmbeyb thi is one of the view that i serious didn t got to see when i went to ca yr ago and i still feel sad about it ,0
QualityBeisbol qualitybeisbol mlb odubel herrera tiburon hoy de hr ca ci k ave op #QualityBeisbol #MLB #TIBURONES,0
danyscamera near san francisco ca if you count the cat ,0
findlatlng geocod w shaw ave fresno ca http findlatlng com geocod ,0
_DLdom you have synaps they have transmitt which they get the fricc outa they shit when an electr potenti come by strong enough to trigger certain canal for ca to rush into the synaps to move the bubbl which contain the neurotransmitt they get out dock on anoth ,1
Fran_Sacadura cool paper link reduc ca depend signal in mous striatal astrocyt w excess self groom fig due to alter striatal microcircuit function fig caus by chang in tonic gaba inhibit fig therebi implic striatal astrocyt in ocd like phenotyp ,1
Alexander_CA2 sure come for a visit ,0
ShockwaveIVL got calcium shock ca preso tct new sfa approach w ehrin_armstrong tibial vessel w ramonvarcoemd sfa w pgreen_md drjmhill surpris ivl cad case julianyeoh first real world cad data isi http bit ly ngej #TCT2018,0
gandhi_amanda l o v e thi ,0
gandhi_amanda my class would love to come see monday ,0
Alexander_CA2 llctribun mrninthelibrari we have some test go on thi weekend to see if our water devic will work stay tune monday morn ,0
bytebeat_bot t t t t fg c bg ca bbrandom #bbrandom,0
ca2_nyeol wtf did you forget thay today is chen s birthday if you don t want to tweet about it at least you can rt it he is still your artist ,0
ca2_nyeol i can t believ it today is chen s birthday and smtownglob didn t say anyth about thi did you forget or didn t care at all wtf he is still your artist ,0
jmigueljd great talk and excit imag tech by krishnanyamuna prof uchicago use fluoresc dna nano devic to track ca better than chemic and protein report she s use them for basic research and diagnost wysssympo dna nanotechnolog biolog fluorescencefriday #WyssSympo #DNA #nanotechnology #biology #FluorescenceFriday,0
wyssinstitute skin biopsi from patient actual show that ca level in cell were decreas valid the use of the approach ,0
wyssinstitute shuttl ca into intracellular organel call endosom and lysosom which wa a known risk gene for sever alzheim s diseas without that a function had been identifi ,0
wyssinstitute krishnanyamuna discuss use dna nanotechnolog to build caliphluor a synthet molecular sensor that can sens ph and ca ion level in intracellular organel in glass cuvett even in live worm the devic enabl her group to identifi a protein that ,0
PowellCarlene mrscookesclass alexander_ca ,0
biorxiv_pubd a genet encod ca indic base on circularli permut sea anemon red fluoresc protein publish as http dx doi org s bmcbiolog biorxiv #biorxiv,0
ca2_nyeol i miss the so much ,0
ca2_nyeol sehun aahh thank you so much for post thi i m so happi exo i love you weareoneexo ,0
ca2_nyeol happi birthday babi i hope you alway be healthi happi and alway surround by good peopl keep shine love i hope all your dream will come true happi birthday our chen i love you happychenday #HappyChenDay,0
YGGFelindre presenoldeb attend cs ca ,0
ire_ca2 thi is so cool ,0
biorxiv_neursci convers of grade presynapt climb fiber activ into grade postsynapt ca signal by purkinj cell dendrit http biorxiv org cgi content short v biorxiv_neursci #biorxiv_neursci,0
biorxivpreprint convers of grade presynapt climb fiber activ into grade postsynapt ca signal by purkinj cell dendrit http biorxiv org cgi content short v biorxiv #bioRxiv,0
DSOA_APAH that moment it regist that ur a nerd aparthistoryevah sumerianlif ca #aparthistory4evah #sumerianlife #CA2,0
mrscookesclass3 love thi tribunedr is in good hand ,0
SfNtweets littl by littl ca seem way more interest than anyth els recal serenadudett of nieh here s how one slide from a talk chang thi lab s direct http bit ly kjckd ,0
RibbonDiagrams ycl crystal structur of the sr ca atpas with bound cpa http www rcsb org pdb explor do structureid ycl ,0
Alexander_CA2 we are tribunedr trailblaz after analyz our logo student came up with idea about what each part symbol littl voic with big heart who will make the world a better place trailblazerthursday #trailblazerthursday,0
Alexander_CA2 thi is what divers look like in grade discuss differ type of famili while draw portrait of our own here s a sneak peak of a few we are save the rest for open hous #grade2,0
bloodpure_bot 透析液濃度 na meq l k or mg or ca pは ,0
CourtAlert courtalert news ca websit unavail tonight see http www courtalert com newsalert canew htm ,0
JPhysiol obstruct of ventricular ca depend arrhythmogen by inositol trisphosph trigger sarcoplasm reticulum ca releas http buff ly prygqv ,0
YsgolyFelin plant canolfan ca yn joio dathlu diwrnod môr ladron ddoe ks centr pupil enjoy celebr talklikeapirateday yesterday #TalkLikeAPirateDay,0
ca2_nyeol he look so fine i m so proud of you babi sehun_ermenegildozegnaxxx #Sehun_ErmenegildoZegnaXXX,0
ca2_nyeol oh sehun realli did that sehun_ermenegildozegnaxxx #Sehun_ErmenegildoZegnaXXX,0
WileyOnc_Hem bloodcancerawar read the openaccess report from thephysoc trpm mediat spontan ca entri regul the prolifer and differenti of human leukemia cell line k http ow ly jzclskbv fightbloodcanc #BloodCancerAwareness #OpenAccess #fightbloodcancer,0
DunckleeThorley the primari vasculatur alon is suffici for passag of the wound signal to a distal leaf the simultan monitor of electr signal and ca level is shown farmer lab unil ,0
TreitnerS melt arctic permafrost releas acid that dissolv rock http www livesci com arctic acid permafrost html utm_sourc ls newslett amp utm_medium email amp utm_campaign ls via livesci the climat chang booster caco s h aq ca aq co g ho l #Melting #Permafrost #Acid #Dissolves #Rocks #Climate #Change,0
CA2_2019 pleas be guid accordingli and remain vigil neveragain #NeverAgain,0
CarlisleFreegle offer glass top coffe tabl carlisl ca http www ilovefreegl org messag src twitter ,0
CarlisleFreegle want halloween decor carlisl ca http www ilovefreegl org messag src twitter ,0
guzmanadrian alpha neurexin togeth with alpha delta auxiliari subunit regul ca influx through cav channel http ift tt pmawx ,0
AAAArch it should skip burbank and go straight up ca and then under the san gab to acton ,0
DrStrange_Bot a phenomenolog cluster base rule of ca wave and oscil for past slow kind card channel ,0
rajakarcis lippo mall kemang present oktoberfest sep at avenu of the star lippo mall kemang jakarta selatan get the ticket now justclick http bit ly piwg #JustClick,0
LippoMallKemang premier leagu live from avenu of the star lippomallkemang spend your weekend with us support by nexmediatv lippomallkemang lmk premierleagu chelsea westham nobarjakarta nobarkemang #lippomallkemang #lmk #premierleague #chelsea #westham #nobarjakarta #nobarkemang,0
rajakarcis lippo mall kemang present oktoberfest sep at avenu of the star lippo mall kemang jakarta selatan buy the ticket now justclick http bit ly piwg #JustClick,0
LippoMallKemang australian grain fed rib eye beef steak charcoal grill beef steak with special homemad dip sauc best menu for thi lunch let enjoy with your love one at ootoya_id lippo mall kemang villag level ug avenu of the star lippomallkemang lmk ootoya #lippomallkemang #lmk #ootoya,0
ChefEricB2 dreambig onestepatatim skysthelimit chefericberggren executivechef culinaryartist centuryc truecook chefsofinstagram instadaili avenu of the star http www instagram com p bn ebdn utm_sourc ig_twitter_shar amp igshid uuydsk #dreambig #onestepatatime #skysthelimit #chefericberggren #executivechef #culinaryartist #centurycity #truecooks #chefsofinstagram #instadaily,0
rajakarcis lippo mall kemang present oktoberfest sep at avenu of the star lippo mall kemang jakarta selatan get the ticket now justclick http bit ly piwg #JustClick,0
Lippomallkuta empat salt egg let s fall in love togeth here tastethefoodfeelthelov lippo mall kuta avenu of the star see you there pal http www instagram com p bnjyhi utm_sourc ig_twitter_shar amp igshid mgtv #TasteTheFoodFeelTheLove,0
Lippomallkuta empat salt egg let s fall in love togeth here tastethefoodfeelthelov lippo mall kuta avenu of the star see you there pal http www instagram com p bnjtsdo utm_sourc ig_twitter_shar amp igshid bctwwthwe #TasteTheFoodFeelTheLove,0
Lippomallkuta empat salt egg let s fall in love togeth here tastethefoodfeelthelov lippo mall kuta avenu of the star see you there pal http www instagram com p bnjprjpv utm_sourc ig_twitter_shar amp igshid dfyxhpzmq #TasteTheFoodFeelTheLove,0
Lippomallkuta daili fresh roastez lippo mall kuta see ya avenu of the star pm until pm baliindonesia balifood bali lippomallkuta http www instagram com p bnhgwj_ce utm_sourc ig_twitter_shar amp igshid uembcwypdg #baliindonesia #balifood #bali #lippomallkuta,0
rajakarcis lippo mall kemang present oktoberfest sep at avenu of the star lippo mall kemang jakarta selatan buy the ticket now justclick http bit ly piwg #JustClick,0
rajakarcis lippo mall kemang present oktoberfest sep at avenu of the star lippo mall kemang jakarta selatan get the ticket now justclick http bit ly piwg #JustClick,0
LippoMallKemang premier leagu live from avenu of the star lippomallkemang spend your weekend with us support by nexmediatv lippomallkemang lmk premierleagu chelsea westham nobarjakarta nobarkemang #lippomallkemang #lmk #premierleague #chelsea #westham #nobarjakarta #nobarkemang,0
rajakarcis lippo mall kemang present oktoberfest sep at avenu of the star lippo mall kemang jakarta selatan buy the ticket now justclick http bit ly piwg #JustClick,0
LippoMallKemang australian grain fed rib eye beef steak charcoal grill beef steak with special homemad dip sauc best menu for thi lunch let enjoy with your love one at ootoya_id lippo mall kemang villag level ug avenu of the star lippomallkemang lmk ootoya #lippomallkemang #lmk #ootoya,0
ChefEricB2 dreambig onestepatatim skysthelimit chefericberggren executivechef culinaryartist centuryc truecook chefsofinstagram instadaili avenu of the star http www instagram com p bn ebdn utm_sourc ig_twitter_shar amp igshid uuydsk #dreambig #onestepatatime #skysthelimit #chefericberggren #executivechef #culinaryartist #centurycity #truecooks #chefsofinstagram #instadaily,0
rajakarcis lippo mall kemang present oktoberfest sep at avenu of the star lippo mall kemang jakarta selatan get the ticket now justclick http bit ly piwg #JustClick,0
Lippomallkuta empat salt egg let s fall in love togeth here tastethefoodfeelthelov lippo mall kuta avenu of the star see you there pal http www instagram com p bnjyhi utm_sourc ig_twitter_shar amp igshid mgtv #TasteTheFoodFeelTheLove,0
Lippomallkuta empat salt egg let s fall in love togeth here tastethefoodfeelthelov lippo mall kuta avenu of the star see you there pal http www instagram com p bnjtsdo utm_sourc ig_twitter_shar amp igshid bctwwthwe #TasteTheFoodFeelTheLove,0
Lippomallkuta empat salt egg let s fall in love togeth here tastethefoodfeelthelov lippo mall kuta avenu of the star see you there pal http www instagram com p bnjprjpv utm_sourc ig_twitter_shar amp igshid dfyxhpzmq #TasteTheFoodFeelTheLove,0
Lippomallkuta daili fresh roastez lippo mall kuta see ya avenu of the star pm until pm baliindonesia balifood bali lippomallkuta http www instagram com p bnhgwj_ce utm_sourc ig_twitter_shar amp igshid uembcwypdg #baliindonesia #balifood #bali #lippomallkuta,0
rajakarcis lippo mall kemang present oktoberfest sep at avenu of the star lippo mall kemang jakarta selatan buy the ticket now justclick http bit ly piwg #JustClick,0
